,idx,mode,file,# Gadgets,CX depth,# CX,Rz depth,depth,# Rz,time,notes,matroid,root_heuristic,split_heuristic,arch_density,architecture
0,0,steiner,circuits/phasepoly/20qubits/100gadgets/Original6.qasm,100,610,1991,65,613,100,0 days 00:00:00.743142000,,arianne,,count,0.12105263157894737,ibmq_singapore
0,1,steiner,circuits/phasepoly/20qubits/100gadgets/Original16.qasm,100,592,2112,71,593,100,0 days 00:00:00.647907000,,arianne,,count,0.12105263157894737,ibmq_singapore
0,2,steiner,circuits/phasepoly/20qubits/100gadgets/Original17.qasm,100,636,2103,77,646,100,0 days 00:00:00.803524000,,arianne,,count,0.12105263157894737,ibmq_singapore
0,3,steiner,circuits/phasepoly/20qubits/100gadgets/Original7.qasm,100,559,2107,70,563,100,0 days 00:00:00.911288000,,arianne,,count,0.12105263157894737,ibmq_singapore
0,4,steiner,circuits/phasepoly/20qubits/100gadgets/Original10.qasm,100,645,1977,68,649,100,0 days 00:00:00.867731000,,arianne,,count,0.12105263157894737,ibmq_singapore
0,5,steiner,circuits/phasepoly/20qubits/100gadgets/Original0.qasm,100,607,2069,77,615,100,0 days 00:00:00.862565000,,arianne,,count,0.12105263157894737,ibmq_singapore
0,6,steiner,circuits/phasepoly/20qubits/100gadgets/Original1.qasm,100,629,2007,65,630,100,0 days 00:00:00.826454000,,arianne,,count,0.12105263157894737,ibmq_singapore
0,7,steiner,circuits/phasepoly/20qubits/100gadgets/Original11.qasm,100,656,2022,81,665,100,0 days 00:00:00.741424000,,arianne,,count,0.12105263157894737,ibmq_singapore
0,8,steiner,circuits/phasepoly/20qubits/100gadgets/Original12.qasm,100,589,2143,68,590,100,0 days 00:00:01.476880000,,arianne,,count,0.12105263157894737,ibmq_singapore
0,9,steiner,circuits/phasepoly/20qubits/100gadgets/Original2.qasm,100,618,1908,70,629,100,0 days 00:00:01.186643000,,arianne,,count,0.12105263157894737,ibmq_singapore
0,10,steiner,circuits/phasepoly/20qubits/100gadgets/Original3.qasm,100,623,2034,61,627,100,0 days 00:00:00.784262000,,arianne,,count,0.12105263157894737,ibmq_singapore
0,11,steiner,circuits/phasepoly/20qubits/100gadgets/Original13.qasm,100,606,2130,72,612,100,0 days 00:00:00.536402000,,arianne,,count,0.12105263157894737,ibmq_singapore
0,12,steiner,circuits/phasepoly/20qubits/100gadgets/Original18.qasm,100,576,1986,66,581,100,0 days 00:00:00.997031000,,arianne,,count,0.12105263157894737,ibmq_singapore
0,13,steiner,circuits/phasepoly/20qubits/100gadgets/Original4.qasm,100,644,2013,71,652,100,0 days 00:00:00.687487000,,arianne,,count,0.12105263157894737,ibmq_singapore
0,14,steiner,circuits/phasepoly/20qubits/100gadgets/Original14.qasm,100,610,2000,66,617,100,0 days 00:00:00.658419000,,arianne,,count,0.12105263157894737,ibmq_singapore
0,15,steiner,circuits/phasepoly/20qubits/100gadgets/Original8.qasm,100,598,1977,64,603,100,0 days 00:00:00.848263000,,arianne,,count,0.12105263157894737,ibmq_singapore
0,16,steiner,circuits/phasepoly/20qubits/100gadgets/Original9.qasm,100,592,2015,68,595,100,0 days 00:00:00.766498000,,arianne,,count,0.12105263157894737,ibmq_singapore
0,17,steiner,circuits/phasepoly/20qubits/100gadgets/Original15.qasm,100,570,2075,76,572,100,0 days 00:00:00.523734000,,arianne,,count,0.12105263157894737,ibmq_singapore
0,18,steiner,circuits/phasepoly/20qubits/100gadgets/Original5.qasm,100,600,2016,74,609,100,0 days 00:00:00.588563000,,arianne,,count,0.12105263157894737,ibmq_singapore
0,19,steiner,circuits/phasepoly/20qubits/100gadgets/Original19.qasm,100,599,2017,65,603,100,0 days 00:00:00.833384000,,arianne,,count,0.12105263157894737,ibmq_singapore
0,20,steiner,circuits/phasepoly/20qubits/1gadgets/Original6.qasm,1,40,50,1,41,1,0 days 00:00:00.151687000,,arianne,,count,0.12105263157894737,ibmq_singapore
0,21,steiner,circuits/phasepoly/20qubits/1gadgets/Original16.qasm,1,36,36,1,37,1,0 days 00:00:00.329185000,,arianne,,count,0.12105263157894737,ibmq_singapore
0,22,steiner,circuits/phasepoly/20qubits/1gadgets/Original17.qasm,1,30,38,1,31,1,0 days 00:00:00.413414000,,arianne,,count,0.12105263157894737,ibmq_singapore
0,23,steiner,circuits/phasepoly/20qubits/1gadgets/Original7.qasm,1,38,44,1,39,1,0 days 00:00:00.323536000,,arianne,,count,0.12105263157894737,ibmq_singapore
0,24,steiner,circuits/phasepoly/20qubits/1gadgets/Original10.qasm,1,50,50,1,51,1,0 days 00:00:00.163789000,,arianne,,count,0.12105263157894737,ibmq_singapore
0,25,steiner,circuits/phasepoly/20qubits/1gadgets/Original0.qasm,1,28,30,1,29,1,0 days 00:00:00.301397000,,arianne,,count,0.12105263157894737,ibmq_singapore
0,26,steiner,circuits/phasepoly/20qubits/1gadgets/Original1.qasm,1,44,44,1,45,1,0 days 00:00:00.154139000,,arianne,,count,0.12105263157894737,ibmq_singapore
0,27,steiner,circuits/phasepoly/20qubits/1gadgets/Original11.qasm,1,26,40,1,27,1,0 days 00:00:00.155833000,,arianne,,count,0.12105263157894737,ibmq_singapore
0,28,steiner,circuits/phasepoly/20qubits/1gadgets/Original12.qasm,1,36,42,1,37,1,0 days 00:00:00.197556000,,arianne,,count,0.12105263157894737,ibmq_singapore
0,29,steiner,circuits/phasepoly/20qubits/1gadgets/Original2.qasm,1,44,48,1,45,1,0 days 00:00:00.180144000,,arianne,,count,0.12105263157894737,ibmq_singapore
0,30,steiner,circuits/phasepoly/20qubits/1gadgets/Original3.qasm,1,30,36,1,31,1,0 days 00:00:00.182576000,,arianne,,count,0.12105263157894737,ibmq_singapore
0,31,steiner,circuits/phasepoly/20qubits/1gadgets/Original13.qasm,1,36,44,1,37,1,0 days 00:00:00.135221000,,arianne,,count,0.12105263157894737,ibmq_singapore
0,32,steiner,circuits/phasepoly/20qubits/1gadgets/Original18.qasm,1,30,34,1,31,1,0 days 00:00:00.444824000,,arianne,,count,0.12105263157894737,ibmq_singapore
0,33,steiner,circuits/phasepoly/20qubits/1gadgets/Original4.qasm,1,40,46,1,41,1,0 days 00:00:00.203515000,,arianne,,count,0.12105263157894737,ibmq_singapore
0,34,steiner,circuits/phasepoly/20qubits/1gadgets/Original14.qasm,1,26,26,1,27,1,0 days 00:00:00.172203000,,arianne,,count,0.12105263157894737,ibmq_singapore
0,35,steiner,circuits/phasepoly/20qubits/1gadgets/Original8.qasm,1,42,46,1,43,1,0 days 00:00:00.195246000,,arianne,,count,0.12105263157894737,ibmq_singapore
0,36,steiner,circuits/phasepoly/20qubits/1gadgets/Original9.qasm,1,36,38,1,37,1,0 days 00:00:00.440591000,,arianne,,count,0.12105263157894737,ibmq_singapore
0,37,steiner,circuits/phasepoly/20qubits/1gadgets/Original15.qasm,1,42,42,1,43,1,0 days 00:00:00.374242000,,arianne,,count,0.12105263157894737,ibmq_singapore
0,38,steiner,circuits/phasepoly/20qubits/1gadgets/Original5.qasm,1,34,46,1,35,1,0 days 00:00:00.211606000,,arianne,,count,0.12105263157894737,ibmq_singapore
0,39,steiner,circuits/phasepoly/20qubits/1gadgets/Original19.qasm,1,26,32,1,27,1,0 days 00:00:00.168246000,,arianne,,count,0.12105263157894737,ibmq_singapore
0,40,steiner,circuits/phasepoly/20qubits/10gadgets/Original6.qasm,10,209,545,7,209,10,0 days 00:00:00.651196000,,arianne,,count,0.12105263157894737,ibmq_singapore
0,41,steiner,circuits/phasepoly/20qubits/10gadgets/Original16.qasm,10,180,479,5,180,10,0 days 00:00:00.329211000,,arianne,,count,0.12105263157894737,ibmq_singapore
0,42,steiner,circuits/phasepoly/20qubits/10gadgets/Original17.qasm,10,209,482,7,209,10,0 days 00:00:00.706334000,,arianne,,count,0.12105263157894737,ibmq_singapore
0,43,steiner,circuits/phasepoly/20qubits/10gadgets/Original7.qasm,10,191,451,7,191,10,0 days 00:00:00.333523000,,arianne,,count,0.12105263157894737,ibmq_singapore
0,44,steiner,circuits/phasepoly/20qubits/10gadgets/Original10.qasm,10,204,500,7,204,10,0 days 00:00:00.648792000,,arianne,,count,0.12105263157894737,ibmq_singapore
0,45,steiner,circuits/phasepoly/20qubits/10gadgets/Original0.qasm,10,193,459,7,193,10,0 days 00:00:00.414193000,,arianne,,count,0.12105263157894737,ibmq_singapore
0,46,steiner,circuits/phasepoly/20qubits/10gadgets/Original1.qasm,10,163,445,9,164,10,0 days 00:00:00.456485000,,arianne,,count,0.12105263157894737,ibmq_singapore
0,47,steiner,circuits/phasepoly/20qubits/10gadgets/Original11.qasm,10,208,531,7,208,10,0 days 00:00:00.434373000,,arianne,,count,0.12105263157894737,ibmq_singapore
0,48,steiner,circuits/phasepoly/20qubits/10gadgets/Original12.qasm,10,193,491,8,193,10,0 days 00:00:00.489714000,,arianne,,count,0.12105263157894737,ibmq_singapore
0,49,steiner,circuits/phasepoly/20qubits/10gadgets/Original2.qasm,10,194,474,7,194,10,0 days 00:00:00.399352000,,arianne,,count,0.12105263157894737,ibmq_singapore
0,50,steiner,circuits/phasepoly/20qubits/10gadgets/Original3.qasm,10,189,483,9,190,10,0 days 00:00:00.381877000,,arianne,,count,0.12105263157894737,ibmq_singapore
0,51,steiner,circuits/phasepoly/20qubits/10gadgets/Original13.qasm,10,194,508,6,195,10,0 days 00:00:00.354650000,,arianne,,count,0.12105263157894737,ibmq_singapore
0,52,steiner,circuits/phasepoly/20qubits/10gadgets/Original18.qasm,10,197,497,6,197,10,0 days 00:00:00.647421000,,arianne,,count,0.12105263157894737,ibmq_singapore
0,53,steiner,circuits/phasepoly/20qubits/10gadgets/Original4.qasm,10,191,468,10,191,10,0 days 00:00:00.577621000,,arianne,,count,0.12105263157894737,ibmq_singapore
0,54,steiner,circuits/phasepoly/20qubits/10gadgets/Original14.qasm,10,215,474,7,215,10,0 days 00:00:00.383048000,,arianne,,count,0.12105263157894737,ibmq_singapore
0,55,steiner,circuits/phasepoly/20qubits/10gadgets/Original8.qasm,10,143,398,6,145,10,0 days 00:00:00.342979000,,arianne,,count,0.12105263157894737,ibmq_singapore
0,56,steiner,circuits/phasepoly/20qubits/10gadgets/Original9.qasm,10,224,519,6,224,10,0 days 00:00:00.431935000,,arianne,,count,0.12105263157894737,ibmq_singapore
0,57,steiner,circuits/phasepoly/20qubits/10gadgets/Original15.qasm,10,180,432,10,180,10,0 days 00:00:00.308909000,,arianne,,count,0.12105263157894737,ibmq_singapore
0,58,steiner,circuits/phasepoly/20qubits/10gadgets/Original5.qasm,10,185,456,6,185,10,0 days 00:00:00.741918000,,arianne,,count,0.12105263157894737,ibmq_singapore
0,59,steiner,circuits/phasepoly/20qubits/10gadgets/Original19.qasm,10,173,418,6,175,10,0 days 00:00:00.419754000,,arianne,,count,0.12105263157894737,ibmq_singapore
0,60,steiner,circuits/phasepoly/20qubits/5gadgets/Original6.qasm,5,145,301,4,146,5,0 days 00:00:00.512117000,,arianne,,count,0.12105263157894737,ibmq_singapore
0,61,steiner,circuits/phasepoly/20qubits/5gadgets/Original16.qasm,5,118,278,5,118,5,0 days 00:00:00.430187000,,arianne,,count,0.12105263157894737,ibmq_singapore
0,62,steiner,circuits/phasepoly/20qubits/5gadgets/Original17.qasm,5,127,265,3,127,5,0 days 00:00:00.572218000,,arianne,,count,0.12105263157894737,ibmq_singapore
0,63,steiner,circuits/phasepoly/20qubits/5gadgets/Original7.qasm,5,133,278,4,134,5,0 days 00:00:00.609775000,,arianne,,count,0.12105263157894737,ibmq_singapore
0,64,steiner,circuits/phasepoly/20qubits/5gadgets/Original10.qasm,5,123,272,3,123,5,0 days 00:00:00.346189000,,arianne,,count,0.12105263157894737,ibmq_singapore
0,65,steiner,circuits/phasepoly/20qubits/5gadgets/Original0.qasm,5,153,314,4,153,5,0 days 00:00:00.273559000,,arianne,,count,0.12105263157894737,ibmq_singapore
0,66,steiner,circuits/phasepoly/20qubits/5gadgets/Original1.qasm,5,144,277,2,144,5,0 days 00:00:00.439749000,,arianne,,count,0.12105263157894737,ibmq_singapore
0,67,steiner,circuits/phasepoly/20qubits/5gadgets/Original11.qasm,5,140,324,4,140,5,0 days 00:00:00.455457000,,arianne,,count,0.12105263157894737,ibmq_singapore
0,68,steiner,circuits/phasepoly/20qubits/5gadgets/Original12.qasm,5,125,251,3,125,5,0 days 00:00:00.291310000,,arianne,,count,0.12105263157894737,ibmq_singapore
0,69,steiner,circuits/phasepoly/20qubits/5gadgets/Original2.qasm,5,159,322,5,159,5,0 days 00:00:00.550593000,,arianne,,count,0.12105263157894737,ibmq_singapore
0,70,steiner,circuits/phasepoly/20qubits/5gadgets/Original3.qasm,5,142,311,4,142,5,0 days 00:00:00.483090000,,arianne,,count,0.12105263157894737,ibmq_singapore
0,71,steiner,circuits/phasepoly/20qubits/5gadgets/Original13.qasm,5,106,242,4,106,5,0 days 00:00:00.286017000,,arianne,,count,0.12105263157894737,ibmq_singapore
0,72,steiner,circuits/phasepoly/20qubits/5gadgets/Original18.qasm,5,149,283,3,149,5,0 days 00:00:00.419672000,,arianne,,count,0.12105263157894737,ibmq_singapore
0,73,steiner,circuits/phasepoly/20qubits/5gadgets/Original4.qasm,5,133,282,3,133,5,0 days 00:00:00.432688000,,arianne,,count,0.12105263157894737,ibmq_singapore
0,74,steiner,circuits/phasepoly/20qubits/5gadgets/Original14.qasm,5,134,285,3,134,5,0 days 00:00:00.281283000,,arianne,,count,0.12105263157894737,ibmq_singapore
0,75,steiner,circuits/phasepoly/20qubits/5gadgets/Original8.qasm,5,141,340,4,141,5,0 days 00:00:00.326231000,,arianne,,count,0.12105263157894737,ibmq_singapore
0,76,steiner,circuits/phasepoly/20qubits/5gadgets/Original9.qasm,5,152,349,4,152,5,0 days 00:00:00.304387000,,arianne,,count,0.12105263157894737,ibmq_singapore
0,77,steiner,circuits/phasepoly/20qubits/5gadgets/Original15.qasm,5,150,330,4,150,5,0 days 00:00:00.310043000,,arianne,,count,0.12105263157894737,ibmq_singapore
0,78,steiner,circuits/phasepoly/20qubits/5gadgets/Original5.qasm,5,157,357,3,157,5,0 days 00:00:00.338982000,,arianne,,count,0.12105263157894737,ibmq_singapore
0,79,steiner,circuits/phasepoly/20qubits/5gadgets/Original19.qasm,5,164,371,4,164,5,0 days 00:00:00.406893000,,arianne,,count,0.12105263157894737,ibmq_singapore
0,80,steiner,circuits/phasepoly/20qubits/1000gadgets/Original6.qasm,1000,4371,14593,690,4431,1000,0 days 00:00:05.061438000,,arianne,,count,0.12105263157894737,ibmq_singapore
0,81,steiner,circuits/phasepoly/20qubits/1000gadgets/Original16.qasm,1000,4373,15391,764,4428,1000,0 days 00:00:05.051913000,,arianne,,count,0.12105263157894737,ibmq_singapore
0,82,steiner,circuits/phasepoly/20qubits/1000gadgets/Original17.qasm,1000,4522,14416,661,4605,1000,0 days 00:00:05.825012000,,arianne,,count,0.12105263157894737,ibmq_singapore
0,83,steiner,circuits/phasepoly/20qubits/1000gadgets/Original7.qasm,1000,4537,14983,714,4586,1000,0 days 00:00:04.529690000,,arianne,,count,0.12105263157894737,ibmq_singapore
0,84,steiner,circuits/phasepoly/20qubits/1000gadgets/Original10.qasm,1000,4281,15556,691,4321,1000,0 days 00:00:04.614000000,,arianne,,count,0.12105263157894737,ibmq_singapore
0,85,steiner,circuits/phasepoly/20qubits/1000gadgets/Original0.qasm,1000,4255,14580,701,4316,1000,0 days 00:00:04.957295000,,arianne,,count,0.12105263157894737,ibmq_singapore
0,86,steiner,circuits/phasepoly/20qubits/1000gadgets/Original1.qasm,1000,4394,14225,640,4460,1000,0 days 00:00:04.677576000,,arianne,,count,0.12105263157894737,ibmq_singapore
0,87,steiner,circuits/phasepoly/20qubits/1000gadgets/Original11.qasm,1000,4213,15829,665,4290,1000,0 days 00:00:03.852917000,,arianne,,count,0.12105263157894737,ibmq_singapore
0,88,steiner,circuits/phasepoly/20qubits/1000gadgets/Original12.qasm,1000,4462,14780,713,4530,1000,0 days 00:00:03.774338000,,arianne,,count,0.12105263157894737,ibmq_singapore
0,89,steiner,circuits/phasepoly/20qubits/1000gadgets/Original2.qasm,1000,4675,14600,694,4765,1000,0 days 00:00:04.120474000,,arianne,,count,0.12105263157894737,ibmq_singapore
0,90,steiner,circuits/phasepoly/20qubits/1000gadgets/Original3.qasm,1000,4488,14873,676,4562,1000,0 days 00:00:03.717558000,,arianne,,count,0.12105263157894737,ibmq_singapore
0,91,steiner,circuits/phasepoly/20qubits/1000gadgets/Original13.qasm,1000,4593,14858,661,4663,1000,0 days 00:00:03.980647000,,arianne,,count,0.12105263157894737,ibmq_singapore
0,92,steiner,circuits/phasepoly/20qubits/1000gadgets/Original18.qasm,1000,4430,14463,662,4489,1000,0 days 00:00:03.727001000,,arianne,,count,0.12105263157894737,ibmq_singapore
0,93,steiner,circuits/phasepoly/20qubits/1000gadgets/Original4.qasm,1000,4533,14561,738,4605,1000,0 days 00:00:05.409481000,,arianne,,count,0.12105263157894737,ibmq_singapore
0,94,steiner,circuits/phasepoly/20qubits/1000gadgets/Original14.qasm,1000,4294,16093,717,4339,1000,0 days 00:00:03.990080000,,arianne,,count,0.12105263157894737,ibmq_singapore
0,95,steiner,circuits/phasepoly/20qubits/1000gadgets/Original8.qasm,1000,4385,14829,704,4422,1000,0 days 00:00:04.914407000,,arianne,,count,0.12105263157894737,ibmq_singapore
0,96,steiner,circuits/phasepoly/20qubits/1000gadgets/Original9.qasm,1000,4304,15022,769,4361,1000,0 days 00:00:04.123229000,,arianne,,count,0.12105263157894737,ibmq_singapore
0,97,steiner,circuits/phasepoly/20qubits/1000gadgets/Original15.qasm,1000,4437,14432,686,4507,1000,0 days 00:00:03.826429000,,arianne,,count,0.12105263157894737,ibmq_singapore
0,98,steiner,circuits/phasepoly/20qubits/1000gadgets/Original5.qasm,1000,4417,15405,683,4471,1000,0 days 00:00:03.893529000,,arianne,,count,0.12105263157894737,ibmq_singapore
0,99,steiner,circuits/phasepoly/20qubits/1000gadgets/Original19.qasm,1000,4490,14682,686,4580,1000,0 days 00:00:03.773618000,,arianne,,count,0.12105263157894737,ibmq_singapore
0,100,steiner,circuits/phasepoly/20qubits/50gadgets/Original6.qasm,50,391,1181,29,393,50,0 days 00:00:00.440526000,,arianne,,count,0.12105263157894737,ibmq_singapore
0,101,steiner,circuits/phasepoly/20qubits/50gadgets/Original16.qasm,50,376,1225,31,378,50,0 days 00:00:00.521612000,,arianne,,count,0.12105263157894737,ibmq_singapore
0,102,steiner,circuits/phasepoly/20qubits/50gadgets/Original17.qasm,50,362,1261,37,365,50,0 days 00:00:00.494773000,,arianne,,count,0.12105263157894737,ibmq_singapore
0,103,steiner,circuits/phasepoly/20qubits/50gadgets/Original7.qasm,50,380,1241,33,380,50,0 days 00:00:00.628485000,,arianne,,count,0.12105263157894737,ibmq_singapore
0,104,steiner,circuits/phasepoly/20qubits/50gadgets/Original10.qasm,50,446,1217,34,447,50,0 days 00:00:00.386173000,,arianne,,count,0.12105263157894737,ibmq_singapore
0,105,steiner,circuits/phasepoly/20qubits/50gadgets/Original0.qasm,50,399,1281,36,400,50,0 days 00:00:00.477086000,,arianne,,count,0.12105263157894737,ibmq_singapore
0,106,steiner,circuits/phasepoly/20qubits/50gadgets/Original1.qasm,50,377,1244,34,380,50,0 days 00:00:00.408168000,,arianne,,count,0.12105263157894737,ibmq_singapore
0,107,steiner,circuits/phasepoly/20qubits/50gadgets/Original11.qasm,50,365,1185,35,370,50,0 days 00:00:00.380308000,,arianne,,count,0.12105263157894737,ibmq_singapore
0,108,steiner,circuits/phasepoly/20qubits/50gadgets/Original12.qasm,50,415,1210,34,416,50,0 days 00:00:00.410603000,,arianne,,count,0.12105263157894737,ibmq_singapore
0,109,steiner,circuits/phasepoly/20qubits/50gadgets/Original2.qasm,50,397,1274,33,398,50,0 days 00:00:00.446961000,,arianne,,count,0.12105263157894737,ibmq_singapore
0,110,steiner,circuits/phasepoly/20qubits/50gadgets/Original3.qasm,50,413,1263,37,420,50,0 days 00:00:00.433996000,,arianne,,count,0.12105263157894737,ibmq_singapore
0,111,steiner,circuits/phasepoly/20qubits/50gadgets/Original13.qasm,50,405,1191,33,407,50,0 days 00:00:00.423664000,,arianne,,count,0.12105263157894737,ibmq_singapore
0,112,steiner,circuits/phasepoly/20qubits/50gadgets/Original18.qasm,50,381,1258,34,386,50,0 days 00:00:00.430539000,,arianne,,count,0.12105263157894737,ibmq_singapore
0,113,steiner,circuits/phasepoly/20qubits/50gadgets/Original4.qasm,50,394,1221,35,397,50,0 days 00:00:00.461064000,,arianne,,count,0.12105263157894737,ibmq_singapore
0,114,steiner,circuits/phasepoly/20qubits/50gadgets/Original14.qasm,50,387,1169,29,388,50,0 days 00:00:00.406098000,,arianne,,count,0.12105263157894737,ibmq_singapore
0,115,steiner,circuits/phasepoly/20qubits/50gadgets/Original8.qasm,50,403,1212,37,407,50,0 days 00:00:00.423911000,,arianne,,count,0.12105263157894737,ibmq_singapore
0,116,steiner,circuits/phasepoly/20qubits/50gadgets/Original9.qasm,50,397,1248,29,399,50,0 days 00:00:00.417531000,,arianne,,count,0.12105263157894737,ibmq_singapore
0,117,steiner,circuits/phasepoly/20qubits/50gadgets/Original15.qasm,50,389,1252,31,390,50,0 days 00:00:00.991458000,,arianne,,count,0.12105263157894737,ibmq_singapore
0,118,steiner,circuits/phasepoly/20qubits/50gadgets/Original5.qasm,50,412,1233,44,415,50,0 days 00:00:00.521938000,,arianne,,count,0.12105263157894737,ibmq_singapore
0,119,steiner,circuits/phasepoly/20qubits/50gadgets/Original19.qasm,50,415,1154,33,421,50,0 days 00:00:00.423232000,,arianne,,count,0.12105263157894737,ibmq_singapore
0,120,steiner,circuits/phasepoly/20qubits/500gadgets/Original6.qasm,500,2267,8313,339,2296,500,0 days 00:00:02.313791000,,arianne,,count,0.12105263157894737,ibmq_singapore
0,121,steiner,circuits/phasepoly/20qubits/500gadgets/Original16.qasm,500,2329,7803,332,2357,500,0 days 00:00:02.154465000,,arianne,,count,0.12105263157894737,ibmq_singapore
0,122,steiner,circuits/phasepoly/20qubits/500gadgets/Original17.qasm,500,2291,7703,362,2318,500,0 days 00:00:01.771640000,,arianne,,count,0.12105263157894737,ibmq_singapore
0,123,steiner,circuits/phasepoly/20qubits/500gadgets/Original7.qasm,500,2249,7828,378,2294,500,0 days 00:00:02.095859000,,arianne,,count,0.12105263157894737,ibmq_singapore
0,124,steiner,circuits/phasepoly/20qubits/500gadgets/Original10.qasm,500,2341,8014,335,2367,500,0 days 00:00:01.528450000,,arianne,,count,0.12105263157894737,ibmq_singapore
0,125,steiner,circuits/phasepoly/20qubits/500gadgets/Original0.qasm,500,2413,7805,328,2443,500,0 days 00:00:01.592149000,,arianne,,count,0.12105263157894737,ibmq_singapore
0,126,steiner,circuits/phasepoly/20qubits/500gadgets/Original1.qasm,500,2238,8560,354,2271,500,0 days 00:00:01.807815000,,arianne,,count,0.12105263157894737,ibmq_singapore
0,127,steiner,circuits/phasepoly/20qubits/500gadgets/Original11.qasm,500,2140,8438,385,2158,500,0 days 00:00:01.544493000,,arianne,,count,0.12105263157894737,ibmq_singapore
0,128,steiner,circuits/phasepoly/20qubits/500gadgets/Original12.qasm,500,2247,8129,337,2275,500,0 days 00:00:01.535893000,,arianne,,count,0.12105263157894737,ibmq_singapore
0,129,steiner,circuits/phasepoly/20qubits/500gadgets/Original2.qasm,500,2389,8204,343,2420,500,0 days 00:00:01.701235000,,arianne,,count,0.12105263157894737,ibmq_singapore
0,130,steiner,circuits/phasepoly/20qubits/500gadgets/Original3.qasm,500,2257,8411,338,2299,500,0 days 00:00:01.725625000,,arianne,,count,0.12105263157894737,ibmq_singapore
0,131,steiner,circuits/phasepoly/20qubits/500gadgets/Original13.qasm,500,2242,8007,375,2267,500,0 days 00:00:01.607033000,,arianne,,count,0.12105263157894737,ibmq_singapore
0,132,steiner,circuits/phasepoly/20qubits/500gadgets/Original18.qasm,500,2332,7913,321,2358,500,0 days 00:00:01.500671000,,arianne,,count,0.12105263157894737,ibmq_singapore
0,133,steiner,circuits/phasepoly/20qubits/500gadgets/Original4.qasm,500,2239,8376,349,2264,500,0 days 00:00:01.508010000,,arianne,,count,0.12105263157894737,ibmq_singapore
0,134,steiner,circuits/phasepoly/20qubits/500gadgets/Original14.qasm,500,2548,8033,312,2579,500,0 days 00:00:01.531230000,,arianne,,count,0.12105263157894737,ibmq_singapore
0,135,steiner,circuits/phasepoly/20qubits/500gadgets/Original8.qasm,500,2222,7787,333,2244,500,0 days 00:00:01.589814000,,arianne,,count,0.12105263157894737,ibmq_singapore
0,136,steiner,circuits/phasepoly/20qubits/500gadgets/Original9.qasm,500,2293,7679,333,2317,500,0 days 00:00:01.713594000,,arianne,,count,0.12105263157894737,ibmq_singapore
0,137,steiner,circuits/phasepoly/20qubits/500gadgets/Original15.qasm,500,2248,8133,353,2291,500,0 days 00:00:01.621085000,,arianne,,count,0.12105263157894737,ibmq_singapore
0,138,steiner,circuits/phasepoly/20qubits/500gadgets/Original5.qasm,500,2342,8135,377,2380,500,0 days 00:00:01.663360000,,arianne,,count,0.12105263157894737,ibmq_singapore
0,139,steiner,circuits/phasepoly/20qubits/500gadgets/Original19.qasm,500,2242,7816,344,2275,500,0 days 00:00:01.754685000,,arianne,,count,0.12105263157894737,ibmq_singapore
0,0,tket,circuits/phasepoly/20qubits/100gadgets/Original6.qasm,,3871,5008,100,3971,100,0 days 00:00:00.909578000,,arianne,,count,0.12105263157894737,ibmq_singapore
0,1,tket,circuits/phasepoly/20qubits/100gadgets/Original16.qasm,,3701,4818,100,3799,100,0 days 00:00:01.093270000,,arianne,,count,0.12105263157894737,ibmq_singapore
0,2,tket,circuits/phasepoly/20qubits/100gadgets/Original17.qasm,,3799,4780,100,3898,100,0 days 00:00:00.842643000,,arianne,,count,0.12105263157894737,ibmq_singapore
0,3,tket,circuits/phasepoly/20qubits/100gadgets/Original7.qasm,,3714,4672,100,3813,100,0 days 00:00:00.767824000,,arianne,,count,0.12105263157894737,ibmq_singapore
0,4,tket,circuits/phasepoly/20qubits/100gadgets/Original10.qasm,,3808,4875,100,3908,100,0 days 00:00:01.127915000,,arianne,,count,0.12105263157894737,ibmq_singapore
0,5,tket,circuits/phasepoly/20qubits/100gadgets/Original0.qasm,,3959,4983,100,4059,100,0 days 00:00:01.063849000,,arianne,,count,0.12105263157894737,ibmq_singapore
0,6,tket,circuits/phasepoly/20qubits/100gadgets/Original1.qasm,,3709,4813,100,3809,100,0 days 00:00:00.609157000,,arianne,,count,0.12105263157894737,ibmq_singapore
0,7,tket,circuits/phasepoly/20qubits/100gadgets/Original11.qasm,,4220,5379,100,4320,100,0 days 00:00:00.681963000,,arianne,,count,0.12105263157894737,ibmq_singapore
0,8,tket,circuits/phasepoly/20qubits/100gadgets/Original12.qasm,,4404,5939,100,4504,100,0 days 00:00:00.731707000,,arianne,,count,0.12105263157894737,ibmq_singapore
0,9,tket,circuits/phasepoly/20qubits/100gadgets/Original2.qasm,,4249,5362,100,4349,100,0 days 00:00:00.720990000,,arianne,,count,0.12105263157894737,ibmq_singapore
0,10,tket,circuits/phasepoly/20qubits/100gadgets/Original3.qasm,,3771,4792,100,3871,100,0 days 00:00:00.632739000,,arianne,,count,0.12105263157894737,ibmq_singapore
0,11,tket,circuits/phasepoly/20qubits/100gadgets/Original13.qasm,,3798,4831,100,3898,100,0 days 00:00:00.613700000,,arianne,,count,0.12105263157894737,ibmq_singapore
0,12,tket,circuits/phasepoly/20qubits/100gadgets/Original18.qasm,,3889,5079,100,3989,100,0 days 00:00:00.669760000,,arianne,,count,0.12105263157894737,ibmq_singapore
0,13,tket,circuits/phasepoly/20qubits/100gadgets/Original4.qasm,,3770,4777,100,3870,100,0 days 00:00:00.590884000,,arianne,,count,0.12105263157894737,ibmq_singapore
0,14,tket,circuits/phasepoly/20qubits/100gadgets/Original14.qasm,,3891,4951,100,3991,100,0 days 00:00:00.605536000,,arianne,,count,0.12105263157894737,ibmq_singapore
0,15,tket,circuits/phasepoly/20qubits/100gadgets/Original8.qasm,,3633,4743,100,3731,100,0 days 00:00:00.594143000,,arianne,,count,0.12105263157894737,ibmq_singapore
0,16,tket,circuits/phasepoly/20qubits/100gadgets/Original9.qasm,,3648,4720,100,3746,100,0 days 00:00:00.607166000,,arianne,,count,0.12105263157894737,ibmq_singapore
0,17,tket,circuits/phasepoly/20qubits/100gadgets/Original15.qasm,,3983,5139,100,4082,100,0 days 00:00:00.651441000,,arianne,,count,0.12105263157894737,ibmq_singapore
0,18,tket,circuits/phasepoly/20qubits/100gadgets/Original5.qasm,,3579,4605,100,3678,100,0 days 00:00:00.687697000,,arianne,,count,0.12105263157894737,ibmq_singapore
0,19,tket,circuits/phasepoly/20qubits/100gadgets/Original19.qasm,,3855,5142,100,3954,100,0 days 00:00:00.653777000,,arianne,,count,0.12105263157894737,ibmq_singapore
0,20,tket,circuits/phasepoly/20qubits/1gadgets/Original6.qasm,,25,25,1,26,1,0 days 00:00:00.016403000,,arianne,,count,0.12105263157894737,ibmq_singapore
0,21,tket,circuits/phasepoly/20qubits/1gadgets/Original16.qasm,,19,19,1,20,1,0 days 00:00:00.008401000,,arianne,,count,0.12105263157894737,ibmq_singapore
0,22,tket,circuits/phasepoly/20qubits/1gadgets/Original17.qasm,,29,29,1,30,1,0 days 00:00:00.009564000,,arianne,,count,0.12105263157894737,ibmq_singapore
0,23,tket,circuits/phasepoly/20qubits/1gadgets/Original7.qasm,,35,35,1,36,1,0 days 00:00:00.009356000,,arianne,,count,0.12105263157894737,ibmq_singapore
0,24,tket,circuits/phasepoly/20qubits/1gadgets/Original10.qasm,,25,25,1,26,1,0 days 00:00:00.008787000,,arianne,,count,0.12105263157894737,ibmq_singapore
0,25,tket,circuits/phasepoly/20qubits/1gadgets/Original0.qasm,,25,25,1,26,1,0 days 00:00:00.005834000,,arianne,,count,0.12105263157894737,ibmq_singapore
0,26,tket,circuits/phasepoly/20qubits/1gadgets/Original1.qasm,,19,19,1,20,1,0 days 00:00:00.005914000,,arianne,,count,0.12105263157894737,ibmq_singapore
0,27,tket,circuits/phasepoly/20qubits/1gadgets/Original11.qasm,,27,27,1,28,1,0 days 00:00:00.008711000,,arianne,,count,0.12105263157894737,ibmq_singapore
0,28,tket,circuits/phasepoly/20qubits/1gadgets/Original12.qasm,,25,25,1,26,1,0 days 00:00:00.007853000,,arianne,,count,0.12105263157894737,ibmq_singapore
0,29,tket,circuits/phasepoly/20qubits/1gadgets/Original2.qasm,,23,23,1,24,1,0 days 00:00:00.005782000,,arianne,,count,0.12105263157894737,ibmq_singapore
0,30,tket,circuits/phasepoly/20qubits/1gadgets/Original3.qasm,,31,31,1,32,1,0 days 00:00:00.010407000,,arianne,,count,0.12105263157894737,ibmq_singapore
0,31,tket,circuits/phasepoly/20qubits/1gadgets/Original13.qasm,,31,31,1,32,1,0 days 00:00:00.006389000,,arianne,,count,0.12105263157894737,ibmq_singapore
0,32,tket,circuits/phasepoly/20qubits/1gadgets/Original18.qasm,,21,21,1,22,1,0 days 00:00:00.007137000,,arianne,,count,0.12105263157894737,ibmq_singapore
0,33,tket,circuits/phasepoly/20qubits/1gadgets/Original4.qasm,,21,21,1,22,1,0 days 00:00:00.007259000,,arianne,,count,0.12105263157894737,ibmq_singapore
0,34,tket,circuits/phasepoly/20qubits/1gadgets/Original14.qasm,,21,21,1,22,1,0 days 00:00:00.008697000,,arianne,,count,0.12105263157894737,ibmq_singapore
0,35,tket,circuits/phasepoly/20qubits/1gadgets/Original8.qasm,,25,25,1,26,1,0 days 00:00:00.006278000,,arianne,,count,0.12105263157894737,ibmq_singapore
0,36,tket,circuits/phasepoly/20qubits/1gadgets/Original9.qasm,,29,29,1,30,1,0 days 00:00:00.009352000,,arianne,,count,0.12105263157894737,ibmq_singapore
0,37,tket,circuits/phasepoly/20qubits/1gadgets/Original15.qasm,,21,21,1,22,1,0 days 00:00:00.007345000,,arianne,,count,0.12105263157894737,ibmq_singapore
0,38,tket,circuits/phasepoly/20qubits/1gadgets/Original5.qasm,,25,25,1,26,1,0 days 00:00:00.007669000,,arianne,,count,0.12105263157894737,ibmq_singapore
0,39,tket,circuits/phasepoly/20qubits/1gadgets/Original19.qasm,,27,27,1,28,1,0 days 00:00:00.008022000,,arianne,,count,0.12105263157894737,ibmq_singapore
0,40,tket,circuits/phasepoly/20qubits/10gadgets/Original6.qasm,,502,741,10,512,10,0 days 00:00:00.120442000,,arianne,,count,0.12105263157894737,ibmq_singapore
0,41,tket,circuits/phasepoly/20qubits/10gadgets/Original16.qasm,,363,578,10,372,10,0 days 00:00:00.075502000,,arianne,,count,0.12105263157894737,ibmq_singapore
0,42,tket,circuits/phasepoly/20qubits/10gadgets/Original17.qasm,,463,638,10,473,10,0 days 00:00:00.095661000,,arianne,,count,0.12105263157894737,ibmq_singapore
0,43,tket,circuits/phasepoly/20qubits/10gadgets/Original7.qasm,,500,747,10,510,10,0 days 00:00:00.120734000,,arianne,,count,0.12105263157894737,ibmq_singapore
0,44,tket,circuits/phasepoly/20qubits/10gadgets/Original10.qasm,,337,517,10,347,10,0 days 00:00:00.139845000,,arianne,,count,0.12105263157894737,ibmq_singapore
0,45,tket,circuits/phasepoly/20qubits/10gadgets/Original0.qasm,,378,536,10,388,10,0 days 00:00:00.082570000,,arianne,,count,0.12105263157894737,ibmq_singapore
0,46,tket,circuits/phasepoly/20qubits/10gadgets/Original1.qasm,,413,545,10,423,10,0 days 00:00:00.076972000,,arianne,,count,0.12105263157894737,ibmq_singapore
0,47,tket,circuits/phasepoly/20qubits/10gadgets/Original11.qasm,,374,581,10,384,10,0 days 00:00:00.074436000,,arianne,,count,0.12105263157894737,ibmq_singapore
0,48,tket,circuits/phasepoly/20qubits/10gadgets/Original12.qasm,,423,515,10,433,10,0 days 00:00:00.063130000,,arianne,,count,0.12105263157894737,ibmq_singapore
0,49,tket,circuits/phasepoly/20qubits/10gadgets/Original2.qasm,,460,652,10,470,10,0 days 00:00:00.080847000,,arianne,,count,0.12105263157894737,ibmq_singapore
0,50,tket,circuits/phasepoly/20qubits/10gadgets/Original3.qasm,,438,619,10,448,10,0 days 00:00:00.075342000,,arianne,,count,0.12105263157894737,ibmq_singapore
0,51,tket,circuits/phasepoly/20qubits/10gadgets/Original13.qasm,,421,566,10,431,10,0 days 00:00:00.070278000,,arianne,,count,0.12105263157894737,ibmq_singapore
0,52,tket,circuits/phasepoly/20qubits/10gadgets/Original18.qasm,,392,566,10,402,10,0 days 00:00:00.072410000,,arianne,,count,0.12105263157894737,ibmq_singapore
0,53,tket,circuits/phasepoly/20qubits/10gadgets/Original4.qasm,,490,743,10,500,10,0 days 00:00:00.090472000,,arianne,,count,0.12105263157894737,ibmq_singapore
0,54,tket,circuits/phasepoly/20qubits/10gadgets/Original14.qasm,,416,591,10,426,10,0 days 00:00:00.072002000,,arianne,,count,0.12105263157894737,ibmq_singapore
0,55,tket,circuits/phasepoly/20qubits/10gadgets/Original8.qasm,,311,484,10,321,10,0 days 00:00:00.065330000,,arianne,,count,0.12105263157894737,ibmq_singapore
0,56,tket,circuits/phasepoly/20qubits/10gadgets/Original9.qasm,,413,613,10,423,10,0 days 00:00:00.079882000,,arianne,,count,0.12105263157894737,ibmq_singapore
0,57,tket,circuits/phasepoly/20qubits/10gadgets/Original15.qasm,,427,600,10,437,10,0 days 00:00:00.085432000,,arianne,,count,0.12105263157894737,ibmq_singapore
0,58,tket,circuits/phasepoly/20qubits/10gadgets/Original5.qasm,,441,626,10,451,10,0 days 00:00:00.083319000,,arianne,,count,0.12105263157894737,ibmq_singapore
0,59,tket,circuits/phasepoly/20qubits/10gadgets/Original19.qasm,,442,648,10,452,10,0 days 00:00:00.083382000,,arianne,,count,0.12105263157894737,ibmq_singapore
0,60,tket,circuits/phasepoly/20qubits/5gadgets/Original6.qasm,,216,314,5,221,5,0 days 00:00:00.052668000,,arianne,,count,0.12105263157894737,ibmq_singapore
0,61,tket,circuits/phasepoly/20qubits/5gadgets/Original16.qasm,,254,373,5,259,5,0 days 00:00:00.055420000,,arianne,,count,0.12105263157894737,ibmq_singapore
0,62,tket,circuits/phasepoly/20qubits/5gadgets/Original17.qasm,,210,259,5,215,5,0 days 00:00:00.034003000,,arianne,,count,0.12105263157894737,ibmq_singapore
0,63,tket,circuits/phasepoly/20qubits/5gadgets/Original7.qasm,,206,280,5,211,5,0 days 00:00:00.049194000,,arianne,,count,0.12105263157894737,ibmq_singapore
0,64,tket,circuits/phasepoly/20qubits/5gadgets/Original10.qasm,,199,309,5,203,5,0 days 00:00:00.037327000,,arianne,,count,0.12105263157894737,ibmq_singapore
0,65,tket,circuits/phasepoly/20qubits/5gadgets/Original0.qasm,,175,244,5,180,5,0 days 00:00:00.044427000,,arianne,,count,0.12105263157894737,ibmq_singapore
0,66,tket,circuits/phasepoly/20qubits/5gadgets/Original1.qasm,,179,283,5,184,5,0 days 00:00:00.043530000,,arianne,,count,0.12105263157894737,ibmq_singapore
0,67,tket,circuits/phasepoly/20qubits/5gadgets/Original11.qasm,,229,285,5,234,5,0 days 00:00:00.040002000,,arianne,,count,0.12105263157894737,ibmq_singapore
0,68,tket,circuits/phasepoly/20qubits/5gadgets/Original12.qasm,,270,362,5,275,5,0 days 00:00:00.053449000,,arianne,,count,0.12105263157894737,ibmq_singapore
0,69,tket,circuits/phasepoly/20qubits/5gadgets/Original2.qasm,,235,303,5,240,5,0 days 00:00:00.034077000,,arianne,,count,0.12105263157894737,ibmq_singapore
0,70,tket,circuits/phasepoly/20qubits/5gadgets/Original3.qasm,,154,257,5,159,5,0 days 00:00:00.052667000,,arianne,,count,0.12105263157894737,ibmq_singapore
0,71,tket,circuits/phasepoly/20qubits/5gadgets/Original13.qasm,,213,326,5,217,5,0 days 00:00:00.058989000,,arianne,,count,0.12105263157894737,ibmq_singapore
0,72,tket,circuits/phasepoly/20qubits/5gadgets/Original18.qasm,,179,270,5,184,5,0 days 00:00:00.041919000,,arianne,,count,0.12105263157894737,ibmq_singapore
0,73,tket,circuits/phasepoly/20qubits/5gadgets/Original4.qasm,,165,232,5,170,5,0 days 00:00:00.040925000,,arianne,,count,0.12105263157894737,ibmq_singapore
0,74,tket,circuits/phasepoly/20qubits/5gadgets/Original14.qasm,,194,283,5,199,5,0 days 00:00:00.048864000,,arianne,,count,0.12105263157894737,ibmq_singapore
0,75,tket,circuits/phasepoly/20qubits/5gadgets/Original8.qasm,,212,318,5,217,5,0 days 00:00:00.044638000,,arianne,,count,0.12105263157894737,ibmq_singapore
0,76,tket,circuits/phasepoly/20qubits/5gadgets/Original9.qasm,,257,316,5,262,5,0 days 00:00:00.046531000,,arianne,,count,0.12105263157894737,ibmq_singapore
0,77,tket,circuits/phasepoly/20qubits/5gadgets/Original15.qasm,,241,328,5,246,5,0 days 00:00:00.056546000,,arianne,,count,0.12105263157894737,ibmq_singapore
0,78,tket,circuits/phasepoly/20qubits/5gadgets/Original5.qasm,,237,277,5,242,5,0 days 00:00:00.036377000,,arianne,,count,0.12105263157894737,ibmq_singapore
0,79,tket,circuits/phasepoly/20qubits/5gadgets/Original19.qasm,,230,329,5,235,5,0 days 00:00:00.049845000,,arianne,,count,0.12105263157894737,ibmq_singapore
0,80,tket,circuits/phasepoly/20qubits/1000gadgets/Original6.qasm,,35535,44093,1000,36532,1000,0 days 00:00:07.475327000,,arianne,,count,0.12105263157894737,ibmq_singapore
0,81,tket,circuits/phasepoly/20qubits/1000gadgets/Original16.qasm,,35613,43654,1000,36611,1000,0 days 00:00:06.211867000,,arianne,,count,0.12105263157894737,ibmq_singapore
0,82,tket,circuits/phasepoly/20qubits/1000gadgets/Original17.qasm,,35736,43636,1000,36735,1000,0 days 00:00:08.808567000,,arianne,,count,0.12105263157894737,ibmq_singapore
0,83,tket,circuits/phasepoly/20qubits/1000gadgets/Original7.qasm,,35620,43638,999,36619,1000,0 days 00:00:09.907951000,,arianne,,count,0.12105263157894737,ibmq_singapore
0,84,tket,circuits/phasepoly/20qubits/1000gadgets/Original10.qasm,,34818,43187,1000,35816,1000,0 days 00:00:06.258677000,,arianne,,count,0.12105263157894737,ibmq_singapore
0,85,tket,circuits/phasepoly/20qubits/1000gadgets/Original0.qasm,,35172,43051,1000,36171,1000,0 days 00:00:06.297802000,,arianne,,count,0.12105263157894737,ibmq_singapore
0,86,tket,circuits/phasepoly/20qubits/1000gadgets/Original1.qasm,,34383,42030,1000,35379,1000,0 days 00:00:06.114938000,,arianne,,count,0.12105263157894737,ibmq_singapore
0,87,tket,circuits/phasepoly/20qubits/1000gadgets/Original11.qasm,,34991,42876,1000,35989,1000,0 days 00:00:05.983737000,,arianne,,count,0.12105263157894737,ibmq_singapore
0,88,tket,circuits/phasepoly/20qubits/1000gadgets/Original12.qasm,,34288,41978,1000,35285,1000,0 days 00:00:08.445055000,,arianne,,count,0.12105263157894737,ibmq_singapore
0,89,tket,circuits/phasepoly/20qubits/1000gadgets/Original2.qasm,,35513,43818,1000,36510,1000,0 days 00:00:07.383518000,,arianne,,count,0.12105263157894737,ibmq_singapore
0,90,tket,circuits/phasepoly/20qubits/1000gadgets/Original3.qasm,,35312,43514,1000,36310,1000,0 days 00:00:07.011724000,,arianne,,count,0.12105263157894737,ibmq_singapore
0,91,tket,circuits/phasepoly/20qubits/1000gadgets/Original13.qasm,,36853,45054,1000,37853,1000,0 days 00:00:06.976783000,,arianne,,count,0.12105263157894737,ibmq_singapore
0,92,tket,circuits/phasepoly/20qubits/1000gadgets/Original18.qasm,,36171,44085,1000,37169,1000,0 days 00:00:06.128506000,,arianne,,count,0.12105263157894737,ibmq_singapore
0,93,tket,circuits/phasepoly/20qubits/1000gadgets/Original4.qasm,,35538,43840,1000,36535,1000,0 days 00:00:07.784380000,,arianne,,count,0.12105263157894737,ibmq_singapore
0,94,tket,circuits/phasepoly/20qubits/1000gadgets/Original14.qasm,,36374,44717,1000,37373,1000,0 days 00:00:08.131921000,,arianne,,count,0.12105263157894737,ibmq_singapore
0,95,tket,circuits/phasepoly/20qubits/1000gadgets/Original8.qasm,,35884,43708,1000,36882,1000,0 days 00:00:06.250123000,,arianne,,count,0.12105263157894737,ibmq_singapore
0,96,tket,circuits/phasepoly/20qubits/1000gadgets/Original9.qasm,,34723,41939,1000,35723,1000,0 days 00:00:06.718678000,,arianne,,count,0.12105263157894737,ibmq_singapore
0,97,tket,circuits/phasepoly/20qubits/1000gadgets/Original15.qasm,,35511,43327,1000,36511,1000,0 days 00:00:08.171095000,,arianne,,count,0.12105263157894737,ibmq_singapore
0,98,tket,circuits/phasepoly/20qubits/1000gadgets/Original5.qasm,,36305,43835,1000,37303,1000,0 days 00:00:08.261971000,,arianne,,count,0.12105263157894737,ibmq_singapore
0,99,tket,circuits/phasepoly/20qubits/1000gadgets/Original19.qasm,,36226,44566,1000,37223,1000,0 days 00:00:09.311327000,,arianne,,count,0.12105263157894737,ibmq_singapore
0,100,tket,circuits/phasepoly/20qubits/50gadgets/Original6.qasm,,1923,2594,50,1972,50,0 days 00:00:00.671204000,,arianne,,count,0.12105263157894737,ibmq_singapore
0,101,tket,circuits/phasepoly/20qubits/50gadgets/Original16.qasm,,1769,2263,50,1817,50,0 days 00:00:00.460969000,,arianne,,count,0.12105263157894737,ibmq_singapore
0,102,tket,circuits/phasepoly/20qubits/50gadgets/Original17.qasm,,1716,2300,49,1764,50,0 days 00:00:00.432975000,,arianne,,count,0.12105263157894737,ibmq_singapore
0,103,tket,circuits/phasepoly/20qubits/50gadgets/Original7.qasm,,1827,2461,50,1877,50,0 days 00:00:00.478967000,,arianne,,count,0.12105263157894737,ibmq_singapore
0,104,tket,circuits/phasepoly/20qubits/50gadgets/Original10.qasm,,1902,2500,50,1952,50,0 days 00:00:00.429579000,,arianne,,count,0.12105263157894737,ibmq_singapore
0,105,tket,circuits/phasepoly/20qubits/50gadgets/Original0.qasm,,1903,2466,50,1953,50,0 days 00:00:00.454402000,,arianne,,count,0.12105263157894737,ibmq_singapore
0,106,tket,circuits/phasepoly/20qubits/50gadgets/Original1.qasm,,1899,2509,50,1948,50,0 days 00:00:00.441207000,,arianne,,count,0.12105263157894737,ibmq_singapore
0,107,tket,circuits/phasepoly/20qubits/50gadgets/Original11.qasm,,1703,2368,50,1753,50,0 days 00:00:00.411106000,,arianne,,count,0.12105263157894737,ibmq_singapore
0,108,tket,circuits/phasepoly/20qubits/50gadgets/Original12.qasm,,1986,2602,50,2036,50,0 days 00:00:00.478230000,,arianne,,count,0.12105263157894737,ibmq_singapore
0,109,tket,circuits/phasepoly/20qubits/50gadgets/Original2.qasm,,1743,2294,50,1793,50,0 days 00:00:00.385787000,,arianne,,count,0.12105263157894737,ibmq_singapore
0,110,tket,circuits/phasepoly/20qubits/50gadgets/Original3.qasm,,2357,3047,50,2407,50,0 days 00:00:00.506381000,,arianne,,count,0.12105263157894737,ibmq_singapore
0,111,tket,circuits/phasepoly/20qubits/50gadgets/Original13.qasm,,1818,2381,50,1868,50,0 days 00:00:00.515957000,,arianne,,count,0.12105263157894737,ibmq_singapore
0,112,tket,circuits/phasepoly/20qubits/50gadgets/Original18.qasm,,2003,2676,50,2053,50,0 days 00:00:00.468604000,,arianne,,count,0.12105263157894737,ibmq_singapore
0,113,tket,circuits/phasepoly/20qubits/50gadgets/Original4.qasm,,1923,2482,50,1973,50,0 days 00:00:00.501601000,,arianne,,count,0.12105263157894737,ibmq_singapore
0,114,tket,circuits/phasepoly/20qubits/50gadgets/Original14.qasm,,1936,2736,50,1985,50,0 days 00:00:00.456621000,,arianne,,count,0.12105263157894737,ibmq_singapore
0,115,tket,circuits/phasepoly/20qubits/50gadgets/Original8.qasm,,1815,2326,50,1865,50,0 days 00:00:00.453991000,,arianne,,count,0.12105263157894737,ibmq_singapore
0,116,tket,circuits/phasepoly/20qubits/50gadgets/Original9.qasm,,1906,2444,50,1956,50,0 days 00:00:00.440019000,,arianne,,count,0.12105263157894737,ibmq_singapore
0,117,tket,circuits/phasepoly/20qubits/50gadgets/Original15.qasm,,1715,2294,50,1764,50,0 days 00:00:00.420467000,,arianne,,count,0.12105263157894737,ibmq_singapore
0,118,tket,circuits/phasepoly/20qubits/50gadgets/Original5.qasm,,2040,2569,50,2090,50,0 days 00:00:00.432690000,,arianne,,count,0.12105263157894737,ibmq_singapore
0,119,tket,circuits/phasepoly/20qubits/50gadgets/Original19.qasm,,2042,2679,50,2092,50,0 days 00:00:00.444683000,,arianne,,count,0.12105263157894737,ibmq_singapore
0,120,tket,circuits/phasepoly/20qubits/500gadgets/Original6.qasm,,17633,22146,500,18133,500,0 days 00:00:04.246909000,,arianne,,count,0.12105263157894737,ibmq_singapore
0,121,tket,circuits/phasepoly/20qubits/500gadgets/Original16.qasm,,18762,23195,500,19262,500,0 days 00:00:03.646546000,,arianne,,count,0.12105263157894737,ibmq_singapore
0,122,tket,circuits/phasepoly/20qubits/500gadgets/Original17.qasm,,18153,22222,500,18653,500,0 days 00:00:03.553400000,,arianne,,count,0.12105263157894737,ibmq_singapore
0,123,tket,circuits/phasepoly/20qubits/500gadgets/Original7.qasm,,17799,22327,500,18298,500,0 days 00:00:04.642986000,,arianne,,count,0.12105263157894737,ibmq_singapore
0,124,tket,circuits/phasepoly/20qubits/500gadgets/Original10.qasm,,18390,23211,500,18888,500,0 days 00:00:04.087493000,,arianne,,count,0.12105263157894737,ibmq_singapore
0,125,tket,circuits/phasepoly/20qubits/500gadgets/Original0.qasm,,17697,21819,500,18197,500,0 days 00:00:04.072135000,,arianne,,count,0.12105263157894737,ibmq_singapore
0,126,tket,circuits/phasepoly/20qubits/500gadgets/Original1.qasm,,18581,23649,500,19079,500,0 days 00:00:04.447684000,,arianne,,count,0.12105263157894737,ibmq_singapore
0,127,tket,circuits/phasepoly/20qubits/500gadgets/Original11.qasm,,17119,21676,500,17614,500,0 days 00:00:03.948857000,,arianne,,count,0.12105263157894737,ibmq_singapore
0,128,tket,circuits/phasepoly/20qubits/500gadgets/Original12.qasm,,18374,22739,500,18869,500,0 days 00:00:04.112571000,,arianne,,count,0.12105263157894737,ibmq_singapore
0,129,tket,circuits/phasepoly/20qubits/500gadgets/Original2.qasm,,18776,23429,500,19273,500,0 days 00:00:04.460080000,,arianne,,count,0.12105263157894737,ibmq_singapore
0,130,tket,circuits/phasepoly/20qubits/500gadgets/Original3.qasm,,18747,23349,500,19243,500,0 days 00:00:03.400193000,,arianne,,count,0.12105263157894737,ibmq_singapore
0,131,tket,circuits/phasepoly/20qubits/500gadgets/Original13.qasm,,18543,23135,500,19041,500,0 days 00:00:04.329525000,,arianne,,count,0.12105263157894737,ibmq_singapore
0,132,tket,circuits/phasepoly/20qubits/500gadgets/Original18.qasm,,17970,22547,500,18469,500,0 days 00:00:04.969029000,,arianne,,count,0.12105263157894737,ibmq_singapore
0,133,tket,circuits/phasepoly/20qubits/500gadgets/Original4.qasm,,17767,22252,500,18267,500,0 days 00:00:04.019827000,,arianne,,count,0.12105263157894737,ibmq_singapore
0,134,tket,circuits/phasepoly/20qubits/500gadgets/Original14.qasm,,17823,22037,500,18321,500,0 days 00:00:03.403616000,,arianne,,count,0.12105263157894737,ibmq_singapore
0,135,tket,circuits/phasepoly/20qubits/500gadgets/Original8.qasm,,18476,23179,500,18975,500,0 days 00:00:04.228904000,,arianne,,count,0.12105263157894737,ibmq_singapore
0,136,tket,circuits/phasepoly/20qubits/500gadgets/Original9.qasm,,18741,23443,500,19240,500,0 days 00:00:04.804614000,,arianne,,count,0.12105263157894737,ibmq_singapore
0,137,tket,circuits/phasepoly/20qubits/500gadgets/Original15.qasm,,18720,23307,500,19220,500,0 days 00:00:06.001975000,,arianne,,count,0.12105263157894737,ibmq_singapore
0,138,tket,circuits/phasepoly/20qubits/500gadgets/Original5.qasm,,18106,22521,500,18605,500,0 days 00:00:03.984449000,,arianne,,count,0.12105263157894737,ibmq_singapore
0,139,tket,circuits/phasepoly/20qubits/500gadgets/Original19.qasm,,17974,21994,500,18473,500,0 days 00:00:04.288355000,,arianne,,count,0.12105263157894737,ibmq_singapore
0,0,staq,circuits/phasepoly/20qubits/100gadgets/Original6.qasm,,838,1894,97,883,100,0 days 00:00:00.399930000,,gray,recursive,count,0.12105263157894737,ibmq_singapore
0,1,staq,circuits/phasepoly/20qubits/100gadgets/Original16.qasm,,787,1767,96,822,100,0 days 00:00:00.352760000,,gray,recursive,count,0.12105263157894737,ibmq_singapore
0,2,staq,circuits/phasepoly/20qubits/100gadgets/Original17.qasm,,838,1777,98,884,100,0 days 00:00:00.354978000,,gray,recursive,count,0.12105263157894737,ibmq_singapore
0,3,staq,circuits/phasepoly/20qubits/100gadgets/Original7.qasm,,826,1896,97,864,100,0 days 00:00:00.355499000,,gray,recursive,count,0.12105263157894737,ibmq_singapore
0,4,staq,circuits/phasepoly/20qubits/100gadgets/Original10.qasm,,801,1801,98,842,100,0 days 00:00:00.352350000,,gray,recursive,count,0.12105263157894737,ibmq_singapore
0,5,staq,circuits/phasepoly/20qubits/100gadgets/Original0.qasm,,841,1825,96,887,100,0 days 00:00:00.356277000,,gray,recursive,count,0.12105263157894737,ibmq_singapore
0,6,staq,circuits/phasepoly/20qubits/100gadgets/Original1.qasm,,840,1908,97,883,100,0 days 00:00:00.372996000,,gray,recursive,count,0.12105263157894737,ibmq_singapore
0,7,staq,circuits/phasepoly/20qubits/100gadgets/Original11.qasm,,820,1805,99,865,100,0 days 00:00:00.381629000,,gray,recursive,count,0.12105263157894737,ibmq_singapore
0,8,staq,circuits/phasepoly/20qubits/100gadgets/Original12.qasm,,808,1769,96,851,100,0 days 00:00:00.366101000,,gray,recursive,count,0.12105263157894737,ibmq_singapore
0,9,staq,circuits/phasepoly/20qubits/100gadgets/Original2.qasm,,826,1861,97,867,100,0 days 00:00:00.372271000,,gray,recursive,count,0.12105263157894737,ibmq_singapore
0,10,staq,circuits/phasepoly/20qubits/100gadgets/Original3.qasm,,844,1827,95,886,100,0 days 00:00:00.371373000,,gray,recursive,count,0.12105263157894737,ibmq_singapore
0,11,staq,circuits/phasepoly/20qubits/100gadgets/Original13.qasm,,812,1879,96,853,100,0 days 00:00:00.368334000,,gray,recursive,count,0.12105263157894737,ibmq_singapore
0,12,staq,circuits/phasepoly/20qubits/100gadgets/Original18.qasm,,806,1792,97,846,100,0 days 00:00:00.359940000,,gray,recursive,count,0.12105263157894737,ibmq_singapore
0,13,staq,circuits/phasepoly/20qubits/100gadgets/Original4.qasm,,814,1787,96,838,100,0 days 00:00:00.359422000,,gray,recursive,count,0.12105263157894737,ibmq_singapore
0,14,staq,circuits/phasepoly/20qubits/100gadgets/Original14.qasm,,748,1763,98,787,100,0 days 00:00:00.356996000,,gray,recursive,count,0.12105263157894737,ibmq_singapore
0,15,staq,circuits/phasepoly/20qubits/100gadgets/Original8.qasm,,806,1799,97,848,100,0 days 00:00:00.358035000,,gray,recursive,count,0.12105263157894737,ibmq_singapore
0,16,staq,circuits/phasepoly/20qubits/100gadgets/Original9.qasm,,818,1799,95,850,100,0 days 00:00:00.379033000,,gray,recursive,count,0.12105263157894737,ibmq_singapore
0,17,staq,circuits/phasepoly/20qubits/100gadgets/Original15.qasm,,842,1867,98,884,100,0 days 00:00:00.355883000,,gray,recursive,count,0.12105263157894737,ibmq_singapore
0,18,staq,circuits/phasepoly/20qubits/100gadgets/Original5.qasm,,758,1791,97,794,100,0 days 00:00:00.352856000,,gray,recursive,count,0.12105263157894737,ibmq_singapore
0,19,staq,circuits/phasepoly/20qubits/100gadgets/Original19.qasm,,819,1848,97,854,100,0 days 00:00:00.359113000,,gray,recursive,count,0.12105263157894737,ibmq_singapore
0,20,staq,circuits/phasepoly/20qubits/1gadgets/Original6.qasm,,18,22,1,19,1,0 days 00:00:00.028648000,,gray,recursive,count,0.12105263157894737,ibmq_singapore
0,21,staq,circuits/phasepoly/20qubits/1gadgets/Original16.qasm,,17,24,1,18,1,0 days 00:00:00.024493000,,gray,recursive,count,0.12105263157894737,ibmq_singapore
0,22,staq,circuits/phasepoly/20qubits/1gadgets/Original17.qasm,,21,30,1,22,1,0 days 00:00:00.028147000,,gray,recursive,count,0.12105263157894737,ibmq_singapore
0,23,staq,circuits/phasepoly/20qubits/1gadgets/Original7.qasm,,31,38,1,32,1,0 days 00:00:00.027273000,,gray,recursive,count,0.12105263157894737,ibmq_singapore
0,24,staq,circuits/phasepoly/20qubits/1gadgets/Original10.qasm,,36,50,1,37,1,0 days 00:00:00.026208000,,gray,recursive,count,0.12105263157894737,ibmq_singapore
0,25,staq,circuits/phasepoly/20qubits/1gadgets/Original0.qasm,,23,32,1,24,1,0 days 00:00:00.024009000,,gray,recursive,count,0.12105263157894737,ibmq_singapore
0,26,staq,circuits/phasepoly/20qubits/1gadgets/Original1.qasm,,22,24,1,23,1,0 days 00:00:00.026332000,,gray,recursive,count,0.12105263157894737,ibmq_singapore
0,27,staq,circuits/phasepoly/20qubits/1gadgets/Original11.qasm,,21,36,1,22,1,0 days 00:00:00.028471000,,gray,recursive,count,0.12105263157894737,ibmq_singapore
0,28,staq,circuits/phasepoly/20qubits/1gadgets/Original12.qasm,,22,26,1,23,1,0 days 00:00:00.026031000,,gray,recursive,count,0.12105263157894737,ibmq_singapore
0,29,staq,circuits/phasepoly/20qubits/1gadgets/Original2.qasm,,22,26,1,23,1,0 days 00:00:00.025490000,,gray,recursive,count,0.12105263157894737,ibmq_singapore
0,30,staq,circuits/phasepoly/20qubits/1gadgets/Original3.qasm,,19,28,1,20,1,0 days 00:00:00.027469000,,gray,recursive,count,0.12105263157894737,ibmq_singapore
0,31,staq,circuits/phasepoly/20qubits/1gadgets/Original13.qasm,,19,24,1,20,1,0 days 00:00:00.028162000,,gray,recursive,count,0.12105263157894737,ibmq_singapore
0,32,staq,circuits/phasepoly/20qubits/1gadgets/Original18.qasm,,18,22,1,19,1,0 days 00:00:00.027832000,,gray,recursive,count,0.12105263157894737,ibmq_singapore
0,33,staq,circuits/phasepoly/20qubits/1gadgets/Original4.qasm,,26,30,1,27,1,0 days 00:00:00.027270000,,gray,recursive,count,0.12105263157894737,ibmq_singapore
0,34,staq,circuits/phasepoly/20qubits/1gadgets/Original14.qasm,,21,26,1,22,1,0 days 00:00:00.027098000,,gray,recursive,count,0.12105263157894737,ibmq_singapore
0,35,staq,circuits/phasepoly/20qubits/1gadgets/Original8.qasm,,33,50,1,34,1,0 days 00:00:00.028591000,,gray,recursive,count,0.12105263157894737,ibmq_singapore
0,36,staq,circuits/phasepoly/20qubits/1gadgets/Original9.qasm,,26,30,1,27,1,0 days 00:00:00.029342000,,gray,recursive,count,0.12105263157894737,ibmq_singapore
0,37,staq,circuits/phasepoly/20qubits/1gadgets/Original15.qasm,,28,30,1,29,1,0 days 00:00:00.026313000,,gray,recursive,count,0.12105263157894737,ibmq_singapore
0,38,staq,circuits/phasepoly/20qubits/1gadgets/Original5.qasm,,26,32,1,27,1,0 days 00:00:00.025499000,,gray,recursive,count,0.12105263157894737,ibmq_singapore
0,39,staq,circuits/phasepoly/20qubits/1gadgets/Original19.qasm,,17,32,1,18,1,0 days 00:00:00.027379000,,gray,recursive,count,0.12105263157894737,ibmq_singapore
0,40,staq,circuits/phasepoly/20qubits/10gadgets/Original6.qasm,,202,396,10,202,10,0 days 00:00:00.063648000,,gray,recursive,count,0.12105263157894737,ibmq_singapore
0,41,staq,circuits/phasepoly/20qubits/10gadgets/Original16.qasm,,192,366,9,196,10,0 days 00:00:00.062164000,,gray,recursive,count,0.12105263157894737,ibmq_singapore
0,42,staq,circuits/phasepoly/20qubits/10gadgets/Original17.qasm,,270,429,9,274,10,0 days 00:00:00.068255000,,gray,recursive,count,0.12105263157894737,ibmq_singapore
0,43,staq,circuits/phasepoly/20qubits/10gadgets/Original7.qasm,,190,356,10,192,10,0 days 00:00:00.061513000,,gray,recursive,count,0.12105263157894737,ibmq_singapore
0,44,staq,circuits/phasepoly/20qubits/10gadgets/Original10.qasm,,198,343,10,200,10,0 days 00:00:00.062846000,,gray,recursive,count,0.12105263157894737,ibmq_singapore
0,45,staq,circuits/phasepoly/20qubits/10gadgets/Original0.qasm,,205,359,10,209,10,0 days 00:00:00.063798000,,gray,recursive,count,0.12105263157894737,ibmq_singapore
0,46,staq,circuits/phasepoly/20qubits/10gadgets/Original1.qasm,,244,440,10,248,10,0 days 00:00:00.065157000,,gray,recursive,count,0.12105263157894737,ibmq_singapore
0,47,staq,circuits/phasepoly/20qubits/10gadgets/Original11.qasm,,174,301,9,177,10,0 days 00:00:00.061395000,,gray,recursive,count,0.12105263157894737,ibmq_singapore
0,48,staq,circuits/phasepoly/20qubits/10gadgets/Original12.qasm,,192,342,10,197,10,0 days 00:00:00.061397000,,gray,recursive,count,0.12105263157894737,ibmq_singapore
0,49,staq,circuits/phasepoly/20qubits/10gadgets/Original2.qasm,,180,344,10,187,10,0 days 00:00:00.062848000,,gray,recursive,count,0.12105263157894737,ibmq_singapore
0,50,staq,circuits/phasepoly/20qubits/10gadgets/Original3.qasm,,197,346,8,202,10,0 days 00:00:00.060977000,,gray,recursive,count,0.12105263157894737,ibmq_singapore
0,51,staq,circuits/phasepoly/20qubits/10gadgets/Original13.qasm,,195,354,9,195,10,0 days 00:00:00.062834000,,gray,recursive,count,0.12105263157894737,ibmq_singapore
0,52,staq,circuits/phasepoly/20qubits/10gadgets/Original18.qasm,,190,352,9,196,10,0 days 00:00:00.062875000,,gray,recursive,count,0.12105263157894737,ibmq_singapore
0,53,staq,circuits/phasepoly/20qubits/10gadgets/Original4.qasm,,186,344,10,188,10,0 days 00:00:00.061511000,,gray,recursive,count,0.12105263157894737,ibmq_singapore
0,54,staq,circuits/phasepoly/20qubits/10gadgets/Original14.qasm,,183,346,10,184,10,0 days 00:00:00.061033000,,gray,recursive,count,0.12105263157894737,ibmq_singapore
0,55,staq,circuits/phasepoly/20qubits/10gadgets/Original8.qasm,,217,393,10,219,10,0 days 00:00:00.063540000,,gray,recursive,count,0.12105263157894737,ibmq_singapore
0,56,staq,circuits/phasepoly/20qubits/10gadgets/Original9.qasm,,194,335,10,198,10,0 days 00:00:00.061420000,,gray,recursive,count,0.12105263157894737,ibmq_singapore
0,57,staq,circuits/phasepoly/20qubits/10gadgets/Original15.qasm,,229,404,9,232,10,0 days 00:00:00.065644000,,gray,recursive,count,0.12105263157894737,ibmq_singapore
0,58,staq,circuits/phasepoly/20qubits/10gadgets/Original5.qasm,,208,355,10,210,10,0 days 00:00:00.067570000,,gray,recursive,count,0.12105263157894737,ibmq_singapore
0,59,staq,circuits/phasepoly/20qubits/10gadgets/Original19.qasm,,197,367,10,201,10,0 days 00:00:00.063346000,,gray,recursive,count,0.12105263157894737,ibmq_singapore
0,60,staq,circuits/phasepoly/20qubits/5gadgets/Original6.qasm,,146,218,4,148,5,0 days 00:00:00.044368000,,gray,recursive,count,0.12105263157894737,ibmq_singapore
0,61,staq,circuits/phasepoly/20qubits/5gadgets/Original16.qasm,,153,265,4,156,5,0 days 00:00:00.048543000,,gray,recursive,count,0.12105263157894737,ibmq_singapore
0,62,staq,circuits/phasepoly/20qubits/5gadgets/Original17.qasm,,151,226,4,152,5,0 days 00:00:00.054179000,,gray,recursive,count,0.12105263157894737,ibmq_singapore
0,63,staq,circuits/phasepoly/20qubits/5gadgets/Original7.qasm,,76,135,5,78,5,0 days 00:00:00.042811000,,gray,recursive,count,0.12105263157894737,ibmq_singapore
0,64,staq,circuits/phasepoly/20qubits/5gadgets/Original10.qasm,,187,293,4,189,5,0 days 00:00:00.049044000,,gray,recursive,count,0.12105263157894737,ibmq_singapore
0,65,staq,circuits/phasepoly/20qubits/5gadgets/Original0.qasm,,74,146,5,78,5,0 days 00:00:00.042933000,,gray,recursive,count,0.12105263157894737,ibmq_singapore
0,66,staq,circuits/phasepoly/20qubits/5gadgets/Original1.qasm,,79,148,4,81,5,0 days 00:00:00.045260000,,gray,recursive,count,0.12105263157894737,ibmq_singapore
0,67,staq,circuits/phasepoly/20qubits/5gadgets/Original11.qasm,,147,253,5,150,5,0 days 00:00:00.046820000,,gray,recursive,count,0.12105263157894737,ibmq_singapore
0,68,staq,circuits/phasepoly/20qubits/5gadgets/Original12.qasm,,121,227,5,122,5,0 days 00:00:00.050624000,,gray,recursive,count,0.12105263157894737,ibmq_singapore
0,69,staq,circuits/phasepoly/20qubits/5gadgets/Original2.qasm,,88,149,5,91,5,0 days 00:00:00.043125000,,gray,recursive,count,0.12105263157894737,ibmq_singapore
0,70,staq,circuits/phasepoly/20qubits/5gadgets/Original3.qasm,,128,192,5,129,5,0 days 00:00:00.046288000,,gray,recursive,count,0.12105263157894737,ibmq_singapore
0,71,staq,circuits/phasepoly/20qubits/5gadgets/Original13.qasm,,118,209,5,119,5,0 days 00:00:00.044432000,,gray,recursive,count,0.12105263157894737,ibmq_singapore
0,72,staq,circuits/phasepoly/20qubits/5gadgets/Original18.qasm,,105,190,4,106,5,0 days 00:00:00.047577000,,gray,recursive,count,0.12105263157894737,ibmq_singapore
0,73,staq,circuits/phasepoly/20qubits/5gadgets/Original4.qasm,,109,180,5,109,5,0 days 00:00:00.043555000,,gray,recursive,count,0.12105263157894737,ibmq_singapore
0,74,staq,circuits/phasepoly/20qubits/5gadgets/Original14.qasm,,124,195,5,126,5,0 days 00:00:00.043701000,,gray,recursive,count,0.12105263157894737,ibmq_singapore
0,75,staq,circuits/phasepoly/20qubits/5gadgets/Original8.qasm,,103,185,5,104,5,0 days 00:00:00.043525000,,gray,recursive,count,0.12105263157894737,ibmq_singapore
0,76,staq,circuits/phasepoly/20qubits/5gadgets/Original9.qasm,,86,157,5,88,5,0 days 00:00:00.046095000,,gray,recursive,count,0.12105263157894737,ibmq_singapore
0,77,staq,circuits/phasepoly/20qubits/5gadgets/Original15.qasm,,149,260,4,150,5,0 days 00:00:00.045456000,,gray,recursive,count,0.12105263157894737,ibmq_singapore
0,78,staq,circuits/phasepoly/20qubits/5gadgets/Original5.qasm,,146,252,5,150,5,0 days 00:00:00.046920000,,gray,recursive,count,0.12105263157894737,ibmq_singapore
0,79,staq,circuits/phasepoly/20qubits/5gadgets/Original19.qasm,,121,214,5,123,5,0 days 00:00:00.044868000,,gray,recursive,count,0.12105263157894737,ibmq_singapore
0,80,staq,circuits/phasepoly/20qubits/1000gadgets/Original6.qasm,,6851,14326,996,7343,1000,0 days 00:00:03.552203000,,gray,recursive,count,0.12105263157894737,ibmq_singapore
0,81,staq,circuits/phasepoly/20qubits/1000gadgets/Original16.qasm,,7038,14344,994,7571,1000,0 days 00:00:03.513487000,,gray,recursive,count,0.12105263157894737,ibmq_singapore
0,82,staq,circuits/phasepoly/20qubits/1000gadgets/Original17.qasm,,6693,13961,996,7170,1000,0 days 00:00:03.503707000,,gray,recursive,count,0.12105263157894737,ibmq_singapore
0,83,staq,circuits/phasepoly/20qubits/1000gadgets/Original7.qasm,,6544,13767,994,7038,1000,0 days 00:00:03.506990000,,gray,recursive,count,0.12105263157894737,ibmq_singapore
0,84,staq,circuits/phasepoly/20qubits/1000gadgets/Original10.qasm,,7133,14827,995,7667,1000,0 days 00:00:03.705989000,,gray,recursive,count,0.12105263157894737,ibmq_singapore
0,85,staq,circuits/phasepoly/20qubits/1000gadgets/Original0.qasm,,6844,14901,996,7289,1000,0 days 00:00:04.340476000,,gray,recursive,count,0.12105263157894737,ibmq_singapore
0,86,staq,circuits/phasepoly/20qubits/1000gadgets/Original1.qasm,,6814,14110,994,7286,1000,0 days 00:00:03.583585000,,gray,recursive,count,0.12105263157894737,ibmq_singapore
0,87,staq,circuits/phasepoly/20qubits/1000gadgets/Original11.qasm,,6977,14923,995,7493,1000,0 days 00:00:04.236584000,,gray,recursive,count,0.12105263157894737,ibmq_singapore
0,88,staq,circuits/phasepoly/20qubits/1000gadgets/Original12.qasm,,7001,14739,995,7450,1000,0 days 00:00:04.527737000,,gray,recursive,count,0.12105263157894737,ibmq_singapore
0,89,staq,circuits/phasepoly/20qubits/1000gadgets/Original2.qasm,,6956,14452,995,7501,1000,0 days 00:00:04.833625000,,gray,recursive,count,0.12105263157894737,ibmq_singapore
0,90,staq,circuits/phasepoly/20qubits/1000gadgets/Original3.qasm,,6792,13977,995,7251,1000,0 days 00:00:03.832500000,,gray,recursive,count,0.12105263157894737,ibmq_singapore
0,91,staq,circuits/phasepoly/20qubits/1000gadgets/Original13.qasm,,6688,13839,995,7091,1000,0 days 00:00:03.658952000,,gray,recursive,count,0.12105263157894737,ibmq_singapore
0,92,staq,circuits/phasepoly/20qubits/1000gadgets/Original18.qasm,,6765,13816,995,7228,1000,0 days 00:00:03.562051000,,gray,recursive,count,0.12105263157894737,ibmq_singapore
0,93,staq,circuits/phasepoly/20qubits/1000gadgets/Original4.qasm,,6816,14470,998,7349,1000,0 days 00:00:03.636450000,,gray,recursive,count,0.12105263157894737,ibmq_singapore
0,94,staq,circuits/phasepoly/20qubits/1000gadgets/Original14.qasm,,6653,14055,993,7111,1000,0 days 00:00:03.554241000,,gray,recursive,count,0.12105263157894737,ibmq_singapore
0,95,staq,circuits/phasepoly/20qubits/1000gadgets/Original8.qasm,,6971,14588,997,7463,1000,0 days 00:00:03.682652000,,gray,recursive,count,0.12105263157894737,ibmq_singapore
0,96,staq,circuits/phasepoly/20qubits/1000gadgets/Original9.qasm,,6743,13748,997,7273,1000,0 days 00:00:03.593499000,,gray,recursive,count,0.12105263157894737,ibmq_singapore
0,97,staq,circuits/phasepoly/20qubits/1000gadgets/Original15.qasm,,6956,14301,996,7422,1000,0 days 00:00:04.132332000,,gray,recursive,count,0.12105263157894737,ibmq_singapore
0,98,staq,circuits/phasepoly/20qubits/1000gadgets/Original5.qasm,,7192,14627,999,7704,1000,0 days 00:00:03.728471000,,gray,recursive,count,0.12105263157894737,ibmq_singapore
0,99,staq,circuits/phasepoly/20qubits/1000gadgets/Original19.qasm,,6808,14163,994,7311,1000,0 days 00:00:03.625144000,,gray,recursive,count,0.12105263157894737,ibmq_singapore
0,100,staq,circuits/phasepoly/20qubits/50gadgets/Original6.qasm,,520,1157,49,546,50,0 days 00:00:00.233080000,,gray,recursive,count,0.12105263157894737,ibmq_singapore
0,101,staq,circuits/phasepoly/20qubits/50gadgets/Original16.qasm,,511,1147,48,528,50,0 days 00:00:00.207118000,,gray,recursive,count,0.12105263157894737,ibmq_singapore
0,102,staq,circuits/phasepoly/20qubits/50gadgets/Original17.qasm,,524,1087,49,547,50,0 days 00:00:00.203619000,,gray,recursive,count,0.12105263157894737,ibmq_singapore
0,103,staq,circuits/phasepoly/20qubits/50gadgets/Original7.qasm,,544,1136,47,572,50,0 days 00:00:00.204263000,,gray,recursive,count,0.12105263157894737,ibmq_singapore
0,104,staq,circuits/phasepoly/20qubits/50gadgets/Original10.qasm,,443,998,47,457,50,0 days 00:00:00.197091000,,gray,recursive,count,0.12105263157894737,ibmq_singapore
0,105,staq,circuits/phasepoly/20qubits/50gadgets/Original0.qasm,,486,1022,49,517,50,0 days 00:00:00.197368000,,gray,recursive,count,0.12105263157894737,ibmq_singapore
0,106,staq,circuits/phasepoly/20qubits/50gadgets/Original1.qasm,,470,996,47,488,50,0 days 00:00:00.198212000,,gray,recursive,count,0.12105263157894737,ibmq_singapore
0,107,staq,circuits/phasepoly/20qubits/50gadgets/Original11.qasm,,481,1063,47,500,50,0 days 00:00:00.197419000,,gray,recursive,count,0.12105263157894737,ibmq_singapore
0,108,staq,circuits/phasepoly/20qubits/50gadgets/Original12.qasm,,521,1081,48,549,50,0 days 00:00:00.205726000,,gray,recursive,count,0.12105263157894737,ibmq_singapore
0,109,staq,circuits/phasepoly/20qubits/50gadgets/Original2.qasm,,495,1053,48,523,50,0 days 00:00:00.205523000,,gray,recursive,count,0.12105263157894737,ibmq_singapore
0,110,staq,circuits/phasepoly/20qubits/50gadgets/Original3.qasm,,485,1077,49,499,50,0 days 00:00:00.206195000,,gray,recursive,count,0.12105263157894737,ibmq_singapore
0,111,staq,circuits/phasepoly/20qubits/50gadgets/Original13.qasm,,482,1071,46,506,50,0 days 00:00:00.207369000,,gray,recursive,count,0.12105263157894737,ibmq_singapore
0,112,staq,circuits/phasepoly/20qubits/50gadgets/Original18.qasm,,480,1101,47,496,50,0 days 00:00:00.207300000,,gray,recursive,count,0.12105263157894737,ibmq_singapore
0,113,staq,circuits/phasepoly/20qubits/50gadgets/Original4.qasm,,450,991,49,471,50,0 days 00:00:00.205182000,,gray,recursive,count,0.12105263157894737,ibmq_singapore
0,114,staq,circuits/phasepoly/20qubits/50gadgets/Original14.qasm,,467,1075,50,490,50,0 days 00:00:00.208184000,,gray,recursive,count,0.12105263157894737,ibmq_singapore
0,115,staq,circuits/phasepoly/20qubits/50gadgets/Original8.qasm,,478,1080,47,488,50,0 days 00:00:00.205960000,,gray,recursive,count,0.12105263157894737,ibmq_singapore
0,116,staq,circuits/phasepoly/20qubits/50gadgets/Original9.qasm,,508,1065,48,531,50,0 days 00:00:00.208810000,,gray,recursive,count,0.12105263157894737,ibmq_singapore
0,117,staq,circuits/phasepoly/20qubits/50gadgets/Original15.qasm,,487,1027,48,514,50,0 days 00:00:00.203195000,,gray,recursive,count,0.12105263157894737,ibmq_singapore
0,118,staq,circuits/phasepoly/20qubits/50gadgets/Original5.qasm,,466,996,48,480,50,0 days 00:00:00.203310000,,gray,recursive,count,0.12105263157894737,ibmq_singapore
0,119,staq,circuits/phasepoly/20qubits/50gadgets/Original19.qasm,,466,1002,50,493,50,0 days 00:00:00.203587000,,gray,recursive,count,0.12105263157894737,ibmq_singapore
0,120,staq,circuits/phasepoly/20qubits/500gadgets/Original6.qasm,,3503,7672,499,3753,500,0 days 00:00:01.766405000,,gray,recursive,count,0.12105263157894737,ibmq_singapore
0,121,staq,circuits/phasepoly/20qubits/500gadgets/Original16.qasm,,3409,7470,496,3629,500,0 days 00:00:01.731994000,,gray,recursive,count,0.12105263157894737,ibmq_singapore
0,122,staq,circuits/phasepoly/20qubits/500gadgets/Original17.qasm,,3425,7401,495,3659,500,0 days 00:00:01.752325000,,gray,recursive,count,0.12105263157894737,ibmq_singapore
0,123,staq,circuits/phasepoly/20qubits/500gadgets/Original7.qasm,,3506,7356,495,3716,500,0 days 00:00:01.765767000,,gray,recursive,count,0.12105263157894737,ibmq_singapore
0,124,staq,circuits/phasepoly/20qubits/500gadgets/Original10.qasm,,3336,7412,498,3560,500,0 days 00:00:01.728087000,,gray,recursive,count,0.12105263157894737,ibmq_singapore
0,125,staq,circuits/phasepoly/20qubits/500gadgets/Original0.qasm,,3421,7609,495,3636,500,0 days 00:00:01.759719000,,gray,recursive,count,0.12105263157894737,ibmq_singapore
0,126,staq,circuits/phasepoly/20qubits/500gadgets/Original1.qasm,,3411,7597,495,3629,500,0 days 00:00:01.782302000,,gray,recursive,count,0.12105263157894737,ibmq_singapore
0,127,staq,circuits/phasepoly/20qubits/500gadgets/Original11.qasm,,3536,7696,495,3781,500,0 days 00:00:01.744348000,,gray,recursive,count,0.12105263157894737,ibmq_singapore
0,128,staq,circuits/phasepoly/20qubits/500gadgets/Original12.qasm,,3533,7475,496,3754,500,0 days 00:00:01.746890000,,gray,recursive,count,0.12105263157894737,ibmq_singapore
0,129,staq,circuits/phasepoly/20qubits/500gadgets/Original2.qasm,,3469,7402,498,3707,500,0 days 00:00:01.802145000,,gray,recursive,count,0.12105263157894737,ibmq_singapore
0,130,staq,circuits/phasepoly/20qubits/500gadgets/Original3.qasm,,3451,7618,495,3690,500,0 days 00:00:01.777164000,,gray,recursive,count,0.12105263157894737,ibmq_singapore
0,131,staq,circuits/phasepoly/20qubits/500gadgets/Original13.qasm,,3486,7567,496,3718,500,0 days 00:00:01.784614000,,gray,recursive,count,0.12105263157894737,ibmq_singapore
0,132,staq,circuits/phasepoly/20qubits/500gadgets/Original18.qasm,,3401,7476,497,3654,500,0 days 00:00:01.730515000,,gray,recursive,count,0.12105263157894737,ibmq_singapore
0,133,staq,circuits/phasepoly/20qubits/500gadgets/Original4.qasm,,3220,7342,495,3452,500,0 days 00:00:01.833894000,,gray,recursive,count,0.12105263157894737,ibmq_singapore
0,134,staq,circuits/phasepoly/20qubits/500gadgets/Original14.qasm,,3447,7593,498,3719,500,0 days 00:00:01.769357000,,gray,recursive,count,0.12105263157894737,ibmq_singapore
0,135,staq,circuits/phasepoly/20qubits/500gadgets/Original8.qasm,,3398,7422,496,3616,500,0 days 00:00:01.729092000,,gray,recursive,count,0.12105263157894737,ibmq_singapore
0,136,staq,circuits/phasepoly/20qubits/500gadgets/Original9.qasm,,3467,7532,493,3708,500,0 days 00:00:01.771139000,,gray,recursive,count,0.12105263157894737,ibmq_singapore
0,137,staq,circuits/phasepoly/20qubits/500gadgets/Original15.qasm,,3288,7225,495,3479,500,0 days 00:00:01.771012000,,gray,recursive,count,0.12105263157894737,ibmq_singapore
0,138,staq,circuits/phasepoly/20qubits/500gadgets/Original5.qasm,,3562,7511,494,3803,500,0 days 00:00:01.715147000,,gray,recursive,count,0.12105263157894737,ibmq_singapore
0,139,staq,circuits/phasepoly/20qubits/500gadgets/Original19.qasm,,3444,7331,493,3694,500,0 days 00:00:01.779318000,,gray,recursive,count,0.12105263157894737,ibmq_singapore
